Suite/Test/Step Name,Browser,Description,Tag,Start time,End time,Duration,Status
Transfermarkt blad,Chrome 87.0.4280.88,,,2021-01-11 16:32:15,2021-01-11 16:32:34,"18,616s",PASSED
,,,,,,,
Test Cases/Transfermarkt Bład,Chrome 87.0.4280.88,,,2021-01-11 16:32:16,2021-01-11 16:32:34,"17,799s",PASSED
"openBrowser("""")",Chrome 87.0.4280.88,,,2021-01-11 16:32:16,2021-01-11 16:32:20,"3,642s",PASSED
"navigateToUrl(""https://www.transfermarkt.pl/profil/registrieren"")",Chrome 87.0.4280.88,,,2021-01-11 16:32:20,2021-01-11 16:32:22,"1,697s",PASSED
"click(findTestObject(""Object Repository/Page_Zarejestruj  Transfermarkt/button_Uzgodni""))",Chrome 87.0.4280.88,,,2021-01-11 16:32:22,2021-01-11 16:32:22,"0,549s",PASSED
"setText(findTestObject(""Object Repository/Page_Zarejestruj  Transfermarkt/input_Zarejestruj si teraz darmowo_Register_60537b""), ""//jestembohaterem"")",Chrome 87.0.4280.88,,,2021-01-11 16:32:22,2021-01-11 16:32:24,"2,298s",PASSED
"setText(findTestObject(""Object Repository/Page_Zarejestruj  Transfermarkt/input_Zrozumiaem_RegisterFormvorname""), Imie)",Chrome 87.0.4280.88,,,2021-01-11 16:32:24,2021-01-11 16:32:25,"0,532s",PASSED
"setText(findTestObject(""Object Repository/Page_Zarejestruj  Transfermarkt/input_Imi_RegisterFormnachname""), Nazwisko)",Chrome 87.0.4280.88,,,2021-01-11 16:32:25,2021-01-11 16:32:25,"0,529s",PASSED
"setText(findTestObject(""Object Repository/Page_Zarejestruj  Transfermarkt/input_Zrozumiaem_RegisterFormemail""), Email)",Chrome 87.0.4280.88,,,2021-01-11 16:32:25,2021-01-11 16:32:26,"0,533s",PASSED
"setText(findTestObject(""Object Repository/Page_Zarejestruj  Transfermarkt/input_E-mail_RegisterFormemail2""), Remail)",Chrome 87.0.4280.88,,,2021-01-11 16:32:26,2021-01-11 16:32:26,"0,526s",PASSED
"setText(findTestObject(""Object Repository/Page_Zarejestruj  Transfermarkt/input_Powtrz e-mail_RegisterFormpasswort1""), haslo)",Chrome 87.0.4280.88,,,2021-01-11 16:32:26,2021-01-11 16:32:27,"0,539s",PASSED
"setText(findTestObject(""Object Repository/Page_Zarejestruj  Transfermarkt/input_Zrozumiaem_RegisterFormpasswort2""), Rhaslo)",Chrome 87.0.4280.88,,,2021-01-11 16:32:27,2021-01-11 16:32:28,"0,545s",PASSED
"verifyElementText(findTestObject(""Page_Zarejestruj  Transfermarkt/p_Zosta czlonkiem najwikszej spoecznoci pil_4f93c4""), ""Zostań czlonkiem największej społeczności pilkarskiej na świecie!"")",Chrome 87.0.4280.88,,,2021-01-11 16:32:28,2021-01-11 16:32:28,"0,486s",PASSED
"click(findTestObject(""Object Repository/Page_Zarejestruj  Transfermarkt/input_Powtrz haso_RegisterFormnutzungsbedin_b536e5""))",Chrome 87.0.4280.88,,,2021-01-11 16:32:28,2021-01-11 16:32:28,"0,292s",PASSED
"click(findTestObject(""Object Repository/Page_Zarejestruj  Transfermarkt/input_tu_yt0""))",Chrome 87.0.4280.88,,,2021-01-11 16:32:28,2021-01-11 16:32:29,"0,285s",PASSED
