Suite/Test/Step Name,Browser,Description,Tag,Start time,End time,Duration,Status
Transfermakt blad,Chrome 87.0.4280.88,,,2021-01-11 16:17:17,2021-01-11 16:17:29,"12,499s",ERROR
,,,,,,,
Test Cases/Transfermarkt Bład,Chrome 87.0.4280.88,,,2021-01-11 16:17:18,2021-01-11 16:17:29,"11,657s",ERROR
"openBrowser("""")",Chrome 87.0.4280.88,,,2021-01-11 16:17:18,2021-01-11 16:17:22,"3,974s",PASSED
"navigateToUrl(""https://www.transfermarkt.pl/profil/registrieren"")",Chrome 87.0.4280.88,,,2021-01-11 16:17:22,2021-01-11 16:17:24,"1,653s",PASSED
"click(findTestObject(""Object Repository/Page_Zarejestruj  Transfermarkt/button_Uzgodni""))",Chrome 87.0.4280.88,,,2021-01-11 16:17:24,2021-01-11 16:17:24,"0,558s",PASSED
"setText(findTestObject(""Object Repository/Page_Zarejestruj  Transfermarkt/input_Zarejestruj si teraz darmowo_Register_60537b""), 1)",Chrome 87.0.4280.88,,,2021-01-11 16:17:24,2021-01-11 16:17:24,"0,036s",PASSED
