Suite/Test/Step Name,Browser,Description,Tag,Start time,End time,Duration,Status
XD,Chrome 87.0.4280.88,,,2021-01-11 16:30:34,2021-01-11 16:30:52,"18,327s",PASSED
,,,,,,,
Test Cases/Transfermarkt Bład,Chrome 87.0.4280.88,,,2021-01-11 16:30:34,2021-01-11 16:30:52,"17,520s",PASSED
"openBrowser("""")",Chrome 87.0.4280.88,,,2021-01-11 16:30:35,2021-01-11 16:30:38,"3,689s",PASSED
"navigateToUrl(""https://www.transfermarkt.pl/profil/registrieren"")",Chrome 87.0.4280.88,,,2021-01-11 16:30:38,2021-01-11 16:30:40,"1,671s",PASSED
"click(findTestObject(""Object Repository/Page_Zarejestruj  Transfermarkt/button_Uzgodni""))",Chrome 87.0.4280.88,,,2021-01-11 16:30:40,2021-01-11 16:30:40,"0,528s",PASSED
"setText(findTestObject(""Object Repository/Page_Zarejestruj  Transfermarkt/input_Zarejestruj si teraz darmowo_Register_60537b""), ""//jestembohaterem"")",Chrome 87.0.4280.88,,,2021-01-11 16:30:40,2021-01-11 16:30:42,"2,023s",PASSED
"setText(findTestObject(""Object Repository/Page_Zarejestruj  Transfermarkt/input_Zrozumiaem_RegisterFormvorname""), ""Roberto"")",Chrome 87.0.4280.88,,,2021-01-11 16:30:42,2021-01-11 16:30:43,"0,547s",PASSED
"setText(findTestObject(""Object Repository/Page_Zarejestruj  Transfermarkt/input_Imi_RegisterFormnachname""), ""Denitro"")",Chrome 87.0.4280.88,,,2021-01-11 16:30:43,2021-01-11 16:30:44,"0,547s",PASSED
"setText(findTestObject(""Object Repository/Page_Zarejestruj  Transfermarkt/input_Zrozumiaem_RegisterFormemail""), ""nitro@o2.pl"")",Chrome 87.0.4280.88,,,2021-01-11 16:30:44,2021-01-11 16:30:44,"0,536s",PASSED
"setText(findTestObject(""Object Repository/Page_Zarejestruj  Transfermarkt/input_E-mail_RegisterFormemail2""), ""nitro@o2.pl"")",Chrome 87.0.4280.88,,,2021-01-11 16:30:44,2021-01-11 16:30:45,"0,557s",PASSED
"setText(findTestObject(""Object Repository/Page_Zarejestruj  Transfermarkt/input_Powtrz e-mail_RegisterFormpasswort1""), ""12345"")",Chrome 87.0.4280.88,,,2021-01-11 16:30:45,2021-01-11 16:30:45,"0,540s",PASSED
"setText(findTestObject(""Object Repository/Page_Zarejestruj  Transfermarkt/input_Zrozumiaem_RegisterFormpasswort2""), ""12345"")",Chrome 87.0.4280.88,,,2021-01-11 16:30:45,2021-01-11 16:30:46,"0,548s",PASSED
"verifyElementText(findTestObject(""Page_Zarejestruj  Transfermarkt/p_Zosta czlonkiem najwikszej spoecznoci pil_4f93c4""), ""Zostań czlonkiem największej społeczności pilkarskiej na świecie!"")",Chrome 87.0.4280.88,,,2021-01-11 16:30:46,2021-01-11 16:30:46,"0,478s",PASSED
"click(findTestObject(""Object Repository/Page_Zarejestruj  Transfermarkt/input_Powtrz haso_RegisterFormnutzungsbedin_b536e5""))",Chrome 87.0.4280.88,,,2021-01-11 16:30:46,2021-01-11 16:30:47,"0,283s",PASSED
"click(findTestObject(""Object Repository/Page_Zarejestruj  Transfermarkt/input_tu_yt0""))",Chrome 87.0.4280.88,,,2021-01-11 16:30:47,2021-01-11 16:30:47,"0,285s",PASSED
