Suite/Test/Step Name,Browser,Description,Tag,Start time,End time,Duration,Status
Transfermarkt TS,Chrome 87.0.4280.88,,,2021-01-11 11:55:07,2021-01-11 11:55:22,"14,769s",ERROR
,,,,,,,
Test Cases/Transfermarkt Bład,Chrome 87.0.4280.88,,,2021-01-11 11:55:08,2021-01-11 11:55:22,"14,069s",ERROR
"openBrowser("""")",Chrome 87.0.4280.88,,,2021-01-11 11:55:08,2021-01-11 11:55:12,"3,650s",PASSED
"navigateToUrl(""https://www.transfermarkt.pl/profil/registrieren"")",Chrome 87.0.4280.88,,,2021-01-11 11:55:12,2021-01-11 11:55:16,"4,291s",PASSED
"click(findTestObject(""Object Repository/Page_Zarejestruj  Transfermarkt/button_Uzgodni""))",Chrome 87.0.4280.88,,,2021-01-11 11:55:16,2021-01-11 11:55:17,"0,537s",PASSED
"setText(findTestObject(""Object Repository/Page_Zarejestruj  Transfermarkt/input_Zarejestruj si teraz darmowo_Register_60537b""), 1)",Chrome 87.0.4280.88,,,2021-01-11 11:55:17,2021-01-11 11:55:17,"0,036s",PASSED
