Suite/Test/Step Name,Browser,Description,Tag,Start time,End time,Duration,Status
Transfermarkt TS,Chrome 87.0.4280.88,,,2021-01-07 17:31:26,2021-01-07 17:31:50,"23,673s",PASSED
,,,,,,,
Test Cases/Transfermarkt,Chrome 87.0.4280.88,,,2021-01-07 17:31:27,2021-01-07 17:31:50,"22,986s",PASSED
"openBrowser("""")",Chrome 87.0.4280.88,,,2021-01-07 17:31:27,2021-01-07 17:31:31,"3,529s",PASSED
"navigateToUrl(""https://www.transfermarkt.pl/profil/registrieren"")",Chrome 87.0.4280.88,,,2021-01-07 17:31:31,2021-01-07 17:31:38,"7,428s",PASSED
"click(findTestObject(""Object Repository/Page_Zarejestruj  Transfermarkt/button_Uzgodni""))",Chrome 87.0.4280.88,,,2021-01-07 17:31:38,2021-01-07 17:31:39,"0,608s",PASSED
"setText(findTestObject(""Object Repository/Page_Zarejestruj  Transfermarkt/input_Zarejestruj si teraz darmowo_Register_60537b""), Ksywka)",Chrome 87.0.4280.88,,,2021-01-07 17:31:39,2021-01-07 17:31:41,"2,273s",PASSED
"setText(findTestObject(""Object Repository/Page_Zarejestruj  Transfermarkt/input_Zrozumiaem_RegisterFormvorname""), Imie)",Chrome 87.0.4280.88,,,2021-01-07 17:31:41,2021-01-07 17:31:41,"0,517s",PASSED
"setText(findTestObject(""Object Repository/Page_Zarejestruj  Transfermarkt/input_Imi_RegisterFormnachname""), Nazwisko)",Chrome 87.0.4280.88,,,2021-01-07 17:31:41,2021-01-07 17:31:42,"0,515s",PASSED
"setText(findTestObject(""Object Repository/Page_Zarejestruj  Transfermarkt/input_Zrozumiaem_RegisterFormemail""), Email)",Chrome 87.0.4280.88,,,2021-01-07 17:31:42,2021-01-07 17:31:42,"0,520s",PASSED
"setText(findTestObject(""Object Repository/Page_Zarejestruj  Transfermarkt/input_E-mail_RegisterFormemail2""), Remail)",Chrome 87.0.4280.88,,,2021-01-07 17:31:42,2021-01-07 17:31:43,"0,512s",PASSED
"setText(findTestObject(""Object Repository/Page_Zarejestruj  Transfermarkt/input_Powtrz e-mail_RegisterFormpasswort1""), haslo)",Chrome 87.0.4280.88,,,2021-01-07 17:31:43,2021-01-07 17:31:44,"0,513s",PASSED
"setText(findTestObject(""Object Repository/Page_Zarejestruj  Transfermarkt/input_Zrozumiaem_RegisterFormpasswort2""), Rhaslo)",Chrome 87.0.4280.88,,,2021-01-07 17:31:44,2021-01-07 17:31:44,"0,520s",PASSED
"click(findTestObject(""Object Repository/Page_Zarejestruj  Transfermarkt/input_Powtrz haso_RegisterFormnutzungsbedin_b536e5""))",Chrome 87.0.4280.88,,,2021-01-07 17:31:44,2021-01-07 17:31:45,"0,484s",PASSED
"click(findTestObject(""Object Repository/Page_Zarejestruj  Transfermarkt/input_tu_yt0""))",Chrome 87.0.4280.88,,,2021-01-07 17:31:45,2021-01-07 17:31:45,"0,280s",PASSED
