Suite/Test/Step Name,Browser,Description,Tag,Start time,End time,Duration,Status
Transfermarkt TS,Chrome 87.0.4280.88,,,2021-01-07 17:30:40,2021-01-07 17:30:55,"14,704s",ERROR
,,,,,,,
Test Cases/Transfermarkt,Chrome 87.0.4280.88,,,2021-01-07 17:30:40,2021-01-07 17:30:55,"14,018s",ERROR
"openBrowser("""")",Chrome 87.0.4280.88,,,2021-01-07 17:30:41,2021-01-07 17:30:44,"3,559s",PASSED
"navigateToUrl(""https://www.transfermarkt.pl/profil/registrieren"")",Chrome 87.0.4280.88,,,2021-01-07 17:30:44,2021-01-07 17:30:46,"1,603s",PASSED
"click(findTestObject(""Object Repository/Page_Zarejestruj  Transfermarkt/button_Uzgodni""))",Chrome 87.0.4280.88,,,2021-01-07 17:30:46,2021-01-07 17:30:46,"0,510s",PASSED
"setText(findTestObject(""Object Repository/Page_Zarejestruj  Transfermarkt/input_Zarejestruj si teraz darmowo_Register_60537b""), Ksywka)",Chrome 87.0.4280.88,,,2021-01-07 17:30:46,2021-01-07 17:30:48,"1,951s",PASSED
"setText(findTestObject(""Object Repository/Page_Zarejestruj  Transfermarkt/input_Zrozumiaem_RegisterFormvorname""), Imie)",Chrome 87.0.4280.88,,,2021-01-07 17:30:48,2021-01-07 17:30:49,"0,514s",PASSED
"setText(findTestObject(""Object Repository/Page_Zarejestruj  Transfermarkt/input_Imi_RegisterFormnachname""), Nazwisko)",Chrome 87.0.4280.88,,,2021-01-07 17:30:49,2021-01-07 17:30:49,"0,517s",PASSED
"setText(findTestObject(""Object Repository/Page_Zarejestruj  Transfermarkt/input_Zrozumiaem_RegisterFormemail""), E - mail)",Chrome 87.0.4280.88,,,2021-01-07 17:30:49,2021-01-07 17:30:49,"0,026s",PASSED
