Suite/Test/Step Name,Browser,Description,Tag,Start time,End time,Duration,Status
Transfermarkt TS,Chrome 87.0.4280.88,,,2021-01-11 11:51:42,2021-01-11 11:52:12,"30,623s",ERROR
,,,,,,,
Test Cases/Transfermarkt,Chrome 87.0.4280.88,,,2021-01-11 11:51:43,2021-01-11 11:51:57,"13,983s",FAILED
"openBrowser("""")",Chrome 87.0.4280.88,,,2021-01-11 11:51:43,2021-01-11 11:51:57,"13,561s",FAILED
,,,,,,,
Test Cases/Transfermarkt Bład,Chrome 87.0.4280.88,,,2021-01-11 11:51:57,2021-01-11 11:52:12,"15,878s",ERROR
"openBrowser("""")",Chrome 87.0.4280.88,,,2021-01-11 11:51:57,2021-01-11 11:52:00,"3,072s",PASSED
"navigateToUrl(""https://www.transfermarkt.pl/profil/registrieren"")",Chrome 87.0.4280.88,,,2021-01-11 11:52:00,2021-01-11 11:52:05,"5,370s",PASSED
"click(findTestObject(""Object Repository/Page_Zarejestruj  Transfermarkt/button_Uzgodni""))",Chrome 87.0.4280.88,,,2021-01-11 11:52:05,2021-01-11 11:52:07,"2,059s",PASSED
"setText(findTestObject(""Object Repository/Page_Zarejestruj  Transfermarkt/input_Zarejestruj si teraz darmowo_Register_60537b""), 1)",Chrome 87.0.4280.88,,,2021-01-11 11:52:07,2021-01-11 11:52:07,"0,032s",PASSED
