Suite/Test/Step Name,Browser,Description,Tag,Start time,End time,Duration,Status
Transfermakt blad,Chrome 87.0.4280.88,,,2021-01-11 16:18:09,2021-01-11 16:18:23,"14,545s",ERROR
,,,,,,,
Test Cases/Transfermarkt Bład,Chrome 87.0.4280.88,,,2021-01-11 16:18:10,2021-01-11 16:18:23,"13,687s",ERROR
"openBrowser("""")",Chrome 87.0.4280.88,,,2021-01-11 16:18:10,2021-01-11 16:18:13,"3,647s",PASSED
"navigateToUrl(""https://www.transfermarkt.pl/profil/registrieren"")",Chrome 87.0.4280.88,,,2021-01-11 16:18:13,2021-01-11 16:18:16,"2,110s",PASSED
"click(findTestObject(""Object Repository/Page_Zarejestruj  Transfermarkt/button_Uzgodni""))",Chrome 87.0.4280.88,,,2021-01-11 16:18:16,2021-01-11 16:18:16,"0,520s",PASSED
"setText(findTestObject(""Object Repository/Page_Zarejestruj  Transfermarkt/input_Zarejestruj si teraz darmowo_Register_60537b""), ""//jestembohaterem"")",Chrome 87.0.4280.88,,,2021-01-11 16:18:16,2021-01-11 16:18:18,"1,988s",PASSED
"setText(findTestObject(""Object Repository/Page_Zarejestruj  Transfermarkt/input_Zrozumiaem_RegisterFormvorname""), 2)",Chrome 87.0.4280.88,,,2021-01-11 16:18:18,2021-01-11 16:18:18,"0,031s",PASSED
