Suite/Test/Step Name,Browser,Description,Tag,Start time,End time,Duration,Status
Transfermarkt TS,Chrome 87.0.4280.88,,,2021-01-11 16:29:39,2021-01-11 16:30:00,"20,778s",PASSED
,,,,,,,
Test Cases/Transfermarkt,Chrome 87.0.4280.88,,,2021-01-11 16:29:40,2021-01-11 16:30:00,"20,020s",PASSED
"openBrowser("""")",Chrome 87.0.4280.88,,,2021-01-11 16:29:40,2021-01-11 16:29:44,"3,623s",PASSED
"navigateToUrl(""https://www.transfermarkt.pl/profil/registrieren"")",Chrome 87.0.4280.88,,,2021-01-11 16:29:44,2021-01-11 16:29:48,"4,141s",PASSED
"click(findTestObject(""Object Repository/Page_Zarejestruj  Transfermarkt/button_Uzgodni""))",Chrome 87.0.4280.88,,,2021-01-11 16:29:48,2021-01-11 16:29:49,"0,527s",PASSED
"setText(findTestObject(""Object Repository/Page_Zarejestruj  Transfermarkt/input_Zarejestruj si teraz darmowo_Register_60537b""), Ksywka)",Chrome 87.0.4280.88,,,2021-01-11 16:29:49,2021-01-11 16:29:51,"2,122s",PASSED
"setText(findTestObject(""Object Repository/Page_Zarejestruj  Transfermarkt/input_Zrozumiaem_RegisterFormvorname""), Imie)",Chrome 87.0.4280.88,,,2021-01-11 16:29:51,2021-01-11 16:29:51,"0,537s",PASSED
"setText(findTestObject(""Object Repository/Page_Zarejestruj  Transfermarkt/input_Imi_RegisterFormnachname""), Nazwisko)",Chrome 87.0.4280.88,,,2021-01-11 16:29:51,2021-01-11 16:29:52,"0,554s",PASSED
"setText(findTestObject(""Object Repository/Page_Zarejestruj  Transfermarkt/input_Zrozumiaem_RegisterFormemail""), Email)",Chrome 87.0.4280.88,,,2021-01-11 16:29:52,2021-01-11 16:29:52,"0,544s",PASSED
"setText(findTestObject(""Object Repository/Page_Zarejestruj  Transfermarkt/input_E-mail_RegisterFormemail2""), Remail)",Chrome 87.0.4280.88,,,2021-01-11 16:29:52,2021-01-11 16:29:53,"0,536s",PASSED
"setText(findTestObject(""Object Repository/Page_Zarejestruj  Transfermarkt/input_Powtrz e-mail_RegisterFormpasswort1""), haslo)",Chrome 87.0.4280.88,,,2021-01-11 16:29:53,2021-01-11 16:29:54,"0,524s",PASSED
"setText(findTestObject(""Object Repository/Page_Zarejestruj  Transfermarkt/input_Zrozumiaem_RegisterFormpasswort2""), Rhaslo)",Chrome 87.0.4280.88,,,2021-01-11 16:29:54,2021-01-11 16:29:54,"0,533s",PASSED
"verifyElementText(findTestObject(""Page_Zarejestruj  Transfermarkt/p_Zosta czlonkiem najwikszej spoecznoci pil_4f93c4""), ""Zostań czlonkiem największej społeczności pilkarskiej na świecie!"")",Chrome 87.0.4280.88,,,2021-01-11 16:29:54,2021-01-11 16:29:55,"0,475s",PASSED
"click(findTestObject(""Object Repository/Page_Zarejestruj  Transfermarkt/input_Powtrz haso_RegisterFormnutzungsbedin_b536e5""))",Chrome 87.0.4280.88,,,2021-01-11 16:29:55,2021-01-11 16:29:55,"0,290s",PASSED
"click(findTestObject(""Object Repository/Page_Zarejestruj  Transfermarkt/input_tu_yt0""))",Chrome 87.0.4280.88,,,2021-01-11 16:29:55,2021-01-11 16:29:55,"0,286s",PASSED
